{
  "project_info": {
    "project_number": "811480973815",
    "project_id": "sdfsdf-8c438",
    "storage_bucket": "sdfsdf-8c438.appspot.com"
  },
  "client": [
    {
      "client_info": {
        "mobilesdk_app_id": "1:811480973815:android:1465da843f1d6c9da2aef2",
        "android_client_info": {
          "package_name": "pt.ubi.di.sdfsdf"
        }
      },
      "oauth_client": [
        {
          "client_id": "811480973815-nh6iho3fjvh0ic396hj271bg8dmfk8a7.apps.googleusercontent.com",
          "client_type": 3
        }
      ],
      "api_key": [
        {
          "current_key": "AIzaSyCsIK17Cfwqx77xjLXBAEOvaDrYjqasg-Y"
        }
      ],
      "services": {
        "appinvite_service": {
          "other_platform_oauth_client": [
            {
              "client_id": "811480973815-nh6iho3fjvh0ic396hj271bg8dmfk8a7.apps.googleusercontent.com",
              "client_type": 3
            }
          ]
        }
      }
    }
  ],
  "configuration_version": "1"
}